model,precision_mean,precision_std,recall_mean,recall_std,f1_mean,f1_std,roc_auc_mean,roc_auc_std
XGBoost,0.7109988233351178,0.0010860948522429777,0.8239111739261747,0.0010697467364457083,0.7633005721978648,0.00039339074411221133,0.9072779273599854,0.00038627348227701966
Random Forest,0.7654811843330455,0.0014387527007498394,0.7572927594874267,0.0008372779035627657,0.7613636680404067,0.0006288567864187165,0.9059833541517861,0.00056255970515922
Logistic Regression,0.5892861326308702,0.0013189410720607507,0.7673549533008841,0.0030768814247581163,0.6666282803370476,0.0006697260885174879,0.8160323966400158,0.0003877959550809905
