model,precision,recall,f1_score,roc_auc
Tuned XGBoost,0.7160131545661523,0.8260082880989903,0.7670876470269391,0.9093099593411635
